,adult,backdrop_path,genre_ids,id,original_language,original_title,overview,popularity,poster_path,release_date,title,video,vote_average,vote_count
0,False,,"[28, 12, 878, 14]",298618,en,The Flash,"The Flash travels back in time to prevent the murder of his mother, an act which disrupts time significantly.",116.092,/e3aS4VMoMpv7JCUk7XASWlskViO.jpg,2022-11-03,The Flash,False,0,0
1,False,/z3ElnHwcf1g56Qlp53yGbPsGXL7.jpg,"[28, 12, 878, 14, 53]",76600,en,Avatar 2,"Avatar: The Way of Water will once again follow Sam Worthington’s Jake Sully twelve years after exploring Pandora and joining the Na’vi. He has since raised a family with Neytiri, portrayed by Zoe Saldana, and established himself within the clans of the new world. Of course, peace can only last so long. Especially when the military organisation from the original film returns to “finish what they started”.",73.875,/110CYDvtnVRWs9meC4lsZCz98vg.jpg,2022-12-15,Avatar 2,False,0,0
2,False,/iGtSJbDku0riOw1joO1qD4pGwdm.jpg,"[28, 12, 878, 14, 9648]",609681,en,Captain Marvel 2,The sequel to Captain Marvel (2019).,50.71,/gWxeVJ920nprJEbXbzmuuzeaAar.jpg,2022-11-10,Captain Marvel 2,False,0,0
3,False,/ppehJ5HlIcqFpH9erwjwFGKdIoe.jpg,"[16, 28, 878, 35, 12]",569094,en,Spider-Man: Into the Spider-Verse 2,The continuing story of Miles Morales and the many other Spider-People from different realities.,52.728,/8ycplQbTU6DRRwiG95lQEpYkOVg.jpg,2022-10-06,Spider-Man: Into the Spider-Verse 2,False,0,0
4,False,,"[28, 80, 53]",603692,en,John Wick: Chapter 4,,58.662,/kPsRQfoyYgcpbI6hvDQvUSCo0q3.jpg,2022-05-25,John Wick: Chapter 4,False,0,0
5,False,/wnUsZKxtS8gSl7xIEif97zIwi3b.jpg,"[10751, 878, 35]",675353,en,Sonic the Hedgehog 2,,37.164,/tvOU2SSdIdf3aJ1y27EGJfRGA0U.jpg,2022-04-06,Sonic the Hedgehog 2,False,0,0
6,False,/qbDPVqbxFDNYfFWDxzLJ2UCbfvg.jpg,"[27, 28, 878, 53]",526896,en,Morbius,"Dangerously ill with a rare blood disorder, and determined to save others suffering his same fate, Dr. Michael Morbius attempts a desperate gamble. What at first appears to be a radical success soon reveals itself to be a remedy potentially worse than the disease.",43.73,/4Mdf5XXKcgLWFtMDSJTtelPvjeY.jpg,2022-01-20,Morbius,False,0,0
7,False,/nu1fARVd5xx8PKSdUeQTz0wtjyo.jpg,"[28, 80, 18]",414906,en,The Batman,,48.213,/yYMG2uT87auGztI9aKVzBB2pHvK.jpg,2022-03-03,The Batman,False,0,0
8,False,,"[12, 28, 878, 53]",507086,en,Jurassic World: Dominion,Plot unknown.,32.572,/4lCQirdaxCHBCeTmwHw7zITx521.jpg,2022-06-09,Jurassic World: Dominion,False,0,0
9,False,,"[12, 18, 16, 878]",793440,en,Spider-Man: Genesis,"Taking place 6 months after Ben's death, we follow seventeen-year-old Peter Parker, as he tries to reconcile with his distant Aunt May around the time of Ben's birthday. Meanwhile, a bank robber by the name of Vulture interrupts Peter's reconciliation, as Peter has to choose whether or not to be the spider or be the man.",43.054,/tEfMFJkOIQhlGqlj6HPuA8eMMPh.jpg,2022-10-21,Spider-Man: Genesis,False,0,0
10,False,/qB3HdCZKHWU33k9QYTIZaM4v5qo.jpg,"[28, 12, 14, 35, 878]",616037,en,Thor: Love and Thunder,The fourth installment of the Marvel Studios' Thor movie series.,27.784,/ifx23jgqQ8ZjUb9eiGjwbKtf0qQ.jpg,2022-04-28,Thor: Love and Thunder,False,0,0
11,False,,[14],338953,en,Fantastic Beasts 3,The third instalment in the Fantastic Beasts franchise.,28.621,/x3QetXpgs0JR30FuA7mtSrU5ENR.jpg,2022-07-15,Fantastic Beasts 3,False,0,0
12,False,/ggEKIzP5An3vnSfj271ApaJYtQw.jpg,"[10751, 16, 28, 12, 35]",438148,en,Minions: The Rise of Gru,"A fanboy of a supervillain supergroup known as the Vicious 6, Gru hatches a plan to become evil enough to join them, with the backup of his followers, the Minions.",27.029,/wKiOkZTN9lUUUNZLmtnwubZYONg.jpg,2022-06-23,Minions: The Rise of Gru,False,0,0
13,False,,"[28, 12, 878]",505642,en,Black Panther II,The sequel to Black Panther (2018).,25.942,/9kv13NQCzeb6zCS001B9JY6St14.jpg,2022-07-07,Black Panther II,False,0,0
14,False,,"[14, 28, 27, 53, 12, 878]",453395,en,Doctor Strange in the Multiverse of Madness,"Dr. Stephen Strange's continuing research on the Time Stone is hindered by a friend-turned-enemy, resulting in Strange unleashing unspeakable evil.",36.551,/kTMYjS6EkrTwugLtUYONIRX7UiL.jpg,2022-03-24,Doctor Strange in the Multiverse of Madness,False,0,0
15,False,/n4hD6a9pFXFV1ZOUoPqnwqFcOCf.jpg,"[12, 28]",335787,en,Uncharted,"A descendent of explorer Sir Francis Drake uncovers the location of the legendary El Dorado. With the help of his mentor and an ambitious journalist he works to uncover its secrets while surviving on an island filled with pirates, mercenaries, and a mysterious enemy.",15.128,/DKqfhnMN6ZFtAripdwQjZ2Dkix.jpg,2022-02-10,Uncharted,False,0,0
16,False,,"[28, 12, 53]",575265,en,Mission: Impossible 8,,13.884,/mRhEg5hBCSi2aOdercqLC3AmT0A.jpg,2022-11-02,Mission: Impossible 8,False,0,0
17,False,,"[12, 28, 14]",572802,en,Aquaman 2,A sequel to Aquaman (2018).,16.802,,2022-12-14,Aquaman 2,False,0,0
18,False,/6rW2EkvPEZLcMAOZY0MQ8kytzmS.jpg,"[27, 53]",585216,en,Escape Room 2,Sequel to the film about strangers who find themselves in a maze of deadly rooms.,19.466,/HI4gKHj5xYd0QGLPz7ZcMM8Zhr.jpg,2022-01-06,Escape Room 2,False,0,0
19,False,,"[27, 53]",616820,en,Halloween Ends,The third film in Blumhouse's 'Halloween' series. The saga of Michael Myers and Laurie Strode ends.,9.77,/tfnVnSV9Y24VWBoglBptMb1F7vy.jpg,2022-10-13,Halloween Ends,False,0,0
20,False,/2ycdhulWPq2C69lYxKKWFgzJjog.jpg,"[10751, 35, 16]",598331,en,Rumble,"In a world where monster wrestling is a global sport and monsters are superstar athletes, teenage Winnie seeks to follow in her father’s footsteps by coaching a loveable underdog monster into a champion.",12.039,/eK5t1LcRG6k4R0ZY2aJxoU8Tfse.jpg,2022-01-22,Rumble,False,0,0
21,False,,"[16, 35, 10751]",479017,en,Untitled Disney Animation Studios,,9.734,,2022-11-23,Untitled Disney Animation Studios,False,0,0
22,False,,"[28, 12]",335977,en,Indiana Jones 5,Fifth and final movie in the Indiana Jones franchise.,11.97,/pn0Wg5SgiEco44t3LSF9nH4fI4Y.jpg,2022-07-28,Indiana Jones 5,False,0,0
23,False,,[10751],508948,en,Untitled Disney Live Action Project (2),Plot unknown.,9.416,,2022-07-08,Untitled Disney Live Action Project (2),False,0,0
24,False,,[10751],508953,en,Untitled Disney Live Action Project (4),Plot unknown.,9.147,,2022-11-04,Untitled Disney Live Action Project (4),False,0,0
25,False,,[10751],508946,en,Untitled Disney Live Action Project (1),Plot unknown.,9.096,,2022-05-27,Untitled Disney Live Action Project (1),False,0,0
26,False,,[27],641283,en,Untitled Blumhouse Productions Project (I),Plot unknown.,8.422,,2022-05-13,Untitled Blumhouse Productions Project (I),False,0,0
27,False,,"[18, 28]",677179,en,Creed III,The third installment of Creed franchise.,9.03,,2022-11-23,Creed III,False,0,0
28,False,,[27],762504,en,Untitled Jordan Peele Horror Project,Plot TBA.,9.854,,2022-07-22,Untitled Jordan Peele Horror Project,False,0,0
29,False,,"[53, 80]",425274,en,Now You See Me 3,A third installment of the 'Now You See Me' franchise. Plot undisclosed.,7.322,,2022-01-01,Now You See Me 3,False,0,0
30,False,/x0FXrDr58ZuP36zQkRC0EEmjeFY.jpg,"[27, 53]",646385,en,Scream,"The fifth film in the ""Scream"" franchise  will follow a woman returning to her hometown to try to find out who has been committing a series of vicious crimes.",7.919,/rBl7ZBw7FOTvUc3Pi2jMWnHVb3n.jpg,2022-01-12,Scream,False,0,0
31,False,,"[16, 35, 28, 12, 10751]",687511,en,The Angry Birds Movie 3,,7.687,,2022-03-10,The Angry Birds Movie 3,False,0,0
32,False,,"[35, 28, 10749]",752623,en,The Lost City of D,"Follows a reclusive romance novelist who was sure nothing could be worse than getting stuck on a book tour with her cover model, until a kidnapping attempt sweeps them both into a cutthroat jungle adventure, proving life can be so much stranger, and more romantic, than any of her paperback fictions.",7.417,,2022-04-13,The Lost City of D,False,0,0
33,False,,"[80, 18, 27, 53]",509679,en,Payne & Redemption,"The story of ""Payne & Redemption"" surrounds the psychological trauma endured by the film's main character, a weathered New York Detective, and his journey to seek redemption, after having to deal with a long line of traumatic incidents that have occurred in his recent life.",6.645,/npkHrKSkySeWtzw326gOKJEc4f6.jpg,2022-10-04,Payne & Redemption,False,0,0
34,False,,"[28, 878]",667538,en,Untitled Transformers Movie,,6.835,/mxFgCXWVw7aSlOovDeZl0rdq2ij.jpg,2022-06-24,Untitled Transformers Movie,False,0,0
35,False,,[35],528320,en,Legally Blonde 3,The sequel to the two famous Legally Blonde movies.,6.474,,2022-05-20,Legally Blonde 3,False,0,0
36,False,/u1OYrMwONCBp0Au6qETRxx4Xd2I.jpg,"[18, 10402]",614934,en,Elvis,"A biopic about Elvis Presley, with focus on his early years.",5.97,/85Jh7gotsavvgKrtV6jOCFGapaL.jpg,2022-06-03,Elvis,False,0,0
37,False,,"[18, 9648, 53]",597208,en,Nightmare Alley,An ambitious young carny with a talent for manipulating people with a few well-chosen words hooks up with a female psychiatrist who is even more dangerous than he is.,6.173,,2021-12-03,Nightmare Alley,False,0,0
38,False,,"[35, 10749, 10402]",615904,en,Marry Me,Explores the possibilities of what might happen when a superstar marries an average Joe as a joke and discovers that perhaps there are no accidents.,6.98,/afbQcRpMUcGWpllUDJvIadceugu.jpg,2022-02-10,Marry Me,False,0,0
39,False,/nNunuXincMqMg1lcVIv3hYspkzY.jpg,"[16, 35, 10751]",508947,en,Turning Red,"Thirteen year old Mei is experiencing the awkwardness of being a teenager with a twist – when she gets too excited, she transforms into a giant red panda.",5.219,/b5hOoNjY6ZirIPQBC5dy9oNURn.jpg,2022-03-11,Turning Red,False,0,0
40,False,,"[35, 10749]",614939,en,Bros,Two men with commitment problems attempt a relationship.,6.157,,2022-08-12,Bros,False,0,0
41,False,/32RrclFHo3SLvx3o3MDpBeWS9rs.jpg,"[28, 878]",496318,hi,Krrish 4,,5.386,/v0flRsjnl2CaWTHIHlUYJ2UEgq1.jpg,2022-12-31,Krrish 4,False,0,0
42,False,,[27],609972,en,Paranormal Activity 7,,7.142,/y3JAO8oS40pZGJ0iB10tskJyUVX.jpg,2022-03-04,Paranormal Activity 7,False,0,0
43,False,/iWEITcAt9GNLwzFejVeHbmi0BPX.jpg,"[878, 16]",718789,en,Lightyear,"The definitive origin story of the original Buzz Lightyear that reveals how the young test pilot became the space ranger he is today, the film will be the same crowd-pleasing action film that started the Buzz Lightyear toy line in the Toy Story universe.",4.864,/yrS6t6lFdgqriaEzFch6fAP1D15.jpg,2022-06-16,Lightyear,False,0,0
44,False,,[18],615777,en,Babylon,"Set in Hollywood during the transition from silent films to talkies, focusing on a mixture of historical and fictional characters. Plot unknown.",5.097,/1jwTB27ZNPtszKcayYwGnunhpAy.jpg,2022-12-25,Babylon,False,0,0
45,False,,[16],615127,en,Hello Kitty,Plot Unknown. An animated feature film based on the Hello Kitty character.,4.578,/nItu2O643v0JMk02Y1jkd9KtMvx.jpg,2022-12-31,Hello Kitty,False,0,0
46,False,,"[16, 14, 10402]",592983,en,Spellbound,"The story of Elian, a teenager who comes of age using her magical powers to defend her family when the opposing forces of light and darkness threaten to divide her kingdom.",6.078,,2022-11-11,Spellbound,False,0,0
47,False,/bszIonbq5lxRJGNQiIpRZLHvI01.jpg,"[28, 53]",522016,en,The 355,A group of top female agents from government agencies around the globe try to stop an organization from acquiring a deadly weapon to send the world into chaos.,7.356,/xef9Ht77B2igqZv754HNdW8qZCk.jpg,2022-01-13,The 355,False,0,0
48,False,/jRbBo7648nYD0QYUAvWBmOLyODe.jpg,[27],748230,en,Salem's Lot,"Writer Ben Mears returns to the town of Salem’s Lot in Maine, where he had spent part of his childhood, only to discover that the residents are becoming vampires.",6.856,/tpakTWaXcG4H4qIi8hMOjat6oWx.jpg,2022-01-01,Salem's Lot,False,0,0
49,False,,"[35, 10402]",82527,en,Seoul Girls,"A Korean American high school girl and her friends who enter a worldwide talent competition to be the opening act for the world’s biggest K-pop boy band. With help from an ex-member of a British girl group and a former K-pop trainee, the Seoul Girls find their voices on the world’s biggest stage.",4.548,,2022-12-31,Seoul Girls,False,0,0
50,False,/pNbTHQCU8h0qlun3yhSQ7cZqoNg.jpg,"[27, 53]",347196,en,Wolf Creek 3,"Mick Taylor, the infamous killer, is once again hunting for tourists. This time the whole thing is a little more difficult because he himself is the victim of an assassination attempt and in the last part is chased by a young camper named Mason Enqvist who lost his brother a few months ago. His bigger brother Rutger Enqvist was murdered by Mick Taylor on an outing with his girlfriend, so he decided to take revenge.",4.805,/dqL3JDcfubhClEoVUWRuzKaxn4K.jpg,2022-09-08,Wolf Creek 3,False,0,0
51,False,,"[10752, 18, 36]",650031,da,Skyggen i mit øje,The story behind the accidental bombing of a Copenhagen French school during the British Royal Air Force's 1945 attack on nearby Gestapo headquarters.,5.326,,2022-01-06,Shadows in My Eyes,False,0,0
52,False,,[27],462625,en,The Crooked Man,"The movie, a spin-off of The Conjuring franchise, focuses on a character from an English nursery rhyme called ""There Was a Crooked Man"".",4.761,,2022-12-31,The Crooked Man,False,0,0
53,False,,"[18, 36, 10752]",458896,en,The Nightingale,The lives of two sisters living in France are torn apart at the onset of World War II.,3.747,,2022-12-23,The Nightingale,False,0,0
54,False,,"[35, 10751]",566688,en,Sesame Street,Musical film based on the children's television show.,4.759,/9HIXFP71LLLfklluhy9iQenVWXH.jpg,2022-01-13,Sesame Street,False,0,0
55,False,,"[16, 35]",609271,en,Under the Boardwalk,Grease-like musical set on the Jersey Shore where sea crab tourists clash with land crab townies.,4.719,,2022-07-22,Under the Boardwalk,False,0,0
56,False,,"[18, 36]",492253,en,Newsflash,"On November 22, 1963 CBS newsman Walter Cronkite is given the task of reporting on live television about President John F. Kennedy's assassination in Texas.",3.996,,2022-01-01,Newsflash,False,0,0
57,False,,"[28, 14, 10751, 16, 35]",566882,en,The LEGO Batman Movie 2,Sequel to 'The Lego Batman Movie' (2017),4.732,,2022-02-04,The LEGO Batman Movie 2,False,0,0
58,False,,"[80, 18]",789371,en,Kings Of Astoria,"From indie filmmaking partners Giuseppe and Giacomo Davi comes a new, startlingly original take on the mob movie genre. Freshly released from prison after being arrested at the young age of 16, former crime boss Giuseppe Todd has to come to terms and grow with a crime family that's moved on without him.",3.931,/oILJsJRIw6CbG00GgxBOaGEBiiQ.jpg,2022-06-17,Kings Of Astoria,False,0,0
59,False,,"[16, 35]",585511,en,Luck,"The unluckiest girl in the world, who after stumbling upon the never-before-seen world of good and back luck, must join together with magical creatures to uncover a force more powerful than even luck itself.",4.442,,2022-02-18,Luck,False,0,0
60,False,,"[28, 878, 10752]",621911,en,World War 3,An examination of what the world might look like in the future of the 21st century.,4.154,/rtQk8sQLd0jWN7Ojhxy1VV6W6in.jpg,2022-12-31,World War 3,False,0,0
61,False,,[18],496178,en,1984,A man struggles to keep his autonomy under an oppressive regime that monitors his every move.,4.398,/ApzdMuH6BPRDGfHcjcjicZQQhtU.jpg,2022-12-31,1984,False,0,0
62,False,,"[35, 16, 10751]",315162,en,Puss in Boots: The Last Wish,"Puss in Boots discovers that his passion for adventure has taken its toll: He has burned through eight of his nine lives, leaving him with only one life left. Puss sets out on an epic journey to find the mythical Last Wish and restore his nine lives.",3.841,/2PaMTHdbF6L1QAOMDunjsvWmySF.jpg,2022-09-23,Puss in Boots: The Last Wish,False,0,0
63,False,,"[16, 12, 28, 10751, 35]",539681,en,League of the Super-Pets,Animated Film About The Pets of  DC Heroes,3.577,/oZmaoKnmiRhJOcTWmum27CJdhZP.jpg,2022-05-19,League of the Super-Pets,False,0,0
64,False,,[53],508957,en,Shrew’s Nest,Remake of the 2014 Juanfer Andres-Esteban Roel Spanish movie.,3.302,,2022-12-31,Shrew’s Nest,False,0,0
65,False,,[37],497819,en,Y,"Set in 1916, an aging cavalryman leads a team of men to hunt down the Mexican revolutionary Pancho Villa. However, after an ambush in which most of the men are killed, the cavalryman must struggle to survive in the desert.",3.55,,2022-12-31,Y,False,0,0
66,False,,[28],787280,en,Jason Charger 3,After years on the run Jason Charger is back to settle the score,3.053,/krDePMUBA85bkk4WjCkcenZl2c.jpg,2022-03-15,Jason Charger 3,False,0,0
67,False,,"[12, 14, 10751]",493529,en,Dungeons & Dragons,"Based on the popular dice board game and live-action remake to the 80s cartoon of the same name, where a group of misfit teens get teleported to a fantasy realm.",3.287,/efNoFKFS4td30ut8GGnEtqAaGbH.jpg,2022-05-25,Dungeons & Dragons,False,0,0
68,False,,[53],551405,sr,Apsurdni eksperiment,"The film is conceived as a video game where every link in society, from the highest to the lowest has its role in creating the perfect vision of fraud, not knowing who cheats, and who is deceived.",2.307,/syzRV2qs738wTurjFV1EPlL11x6.jpg,2022-01-01,The Absurd Scam,False,0,0
69,False,,"[28, 53]",763285,en,Ambulance,Two partners in crime commit a robbery and are forced to steal an ambulance during their getaway.,4.512,,2022-02-17,Ambulance,False,0,0
70,False,,"[878, 18]",768489,en,Lacrimosa,"With a global pandemic turning the world upside down, a man and his young son try to fend off the apocalyptic problems while fighting for survival.",2.764,/mk1kgPAoV3mQpK2g1wVxoJ7VLgC.jpg,2022-10-31,Lacrimosa,False,0,0
71,False,,"[18, 9648]",713573,en,Beneath Her Shroud,"After the nocturnal collision, an 80-year-old woman dreadfully left her home in search of a contemporary identity to discern an invulnerable womb for her leftover life. During this journey, she congregated with several anonymous women with a congenial mind from oppugnant clans at different climes. One monsoon noon, she came to the grave of a girl child, where finally, she met with her existence.",2.496,,2022-03-08,Beneath Her Shroud,False,0,0
72,False,,"[80, 28, 35, 53]",769027,en,"""Jailbirds""",Upcoming movie from Anthony Prieto,2.97,/u3v70UYXiDih1BD8aIaSp99c4to.jpg,2022-11-25,"""Jailbirds""",False,0,0
73,False,,"[53, 10749]",675776,en,Persona,"A Man forms a passionate and sensual relationship with a woman in his dreams, upon waking up he must deceive his surreal hallucinations and Insomnia to find a way to re-unite with her again.",2.72,,2022-10-06,Persona,False,0,0
74,False,,"[27, 18, 53]",507582,en,Scuttlers,Horror film set in Victorian Manchester following a young group of Scuttlers.,2.494,,2022-02-01,Scuttlers,False,0,0
75,False,,"[28, 53, 27]",756463,en,Lee: A Halloween Returns Prequel,The Story Of Dr. Lee.,3.211,,2022-12-31,Lee: A Halloween Returns Prequel,False,0,0
76,False,,"[10749, 35]",792307,en,Poor Things,"A Victorian tale of love, discovery and scientific daring, Poor Things tells the incredible story of Belle Baxter, a young woman brought back to life by an eccentric but brilliant scientist.",3.194,/6HMAJayNm0K5eQOTkUhsDU51pq9.jpg,2022-11-17,Poor Things,False,0,0
77,False,,"[14, 16]",791348,en,DC Showcase: Constantine,A short film based upon the character of John Constantine from DC Comics.,3.842,,2022-01-01,DC Showcase: Constantine,False,0,0
78,False,,[],716373,en,Ardhangini,Upcoming Bengali Movie Directed by Kaushik Ganguly,3.21,,2022-02-17,Ardhangini,False,0,0
79,False,/a9zLkSGkP4NLSwTEr67RDM6eWIC.jpg,"[14, 16, 12, 10751, 35]",459003,uk,Мавка: Лісова пісня,"Mavka — a Soul of the Forest and its Warden — faces an impossible choice between love and her duty as guardian to the Heart of the Forest, when she falls in love with a human — the talented young musician Lukas.",2.924,/4qanOdUJmDf57cZ8HKuSM5mPZSG.jpg,2022-12-31,Mavka: The Forest Song,False,0,0
80,False,,"[12, 16, 10751]",666154,en,Kayara,A young Incan woman dreams of breaking into the male-only group of Chasqui Inca messengers.,2.163,/wsxHA6878H8JgGr7kmXGZ6TJUO6.jpg,2022-12-01,Kayara,False,0,0
81,False,,"[18, 36]",401251,en,Thrilla in Manila,"Ang Lee’s film about the iconic ‘Thrilla in Manila’ 1975 boxing match between Muhammad Ali and Joe Frazier will push cinematic imagery to new levels. “The film will be 3D, shot at 120 frames per second, in 4K. Our actors in the ring will be matched with digital avatars and single-set edited. It will be a whole leap in sensorial [experience].”",2.446,/e31PBLL2jsJo6YAhuJQnZWw7fmW.jpg,2022-01-01,Thrilla in Manila,False,0,0
82,False,,"[35, 18, 27, 10749]",683169,en,Local Haunts,"In hopes of hiding in plain sight, three vampiric ladies have made the eerie beach community of Lost Cove their home. As they attempt to reckon with the ever present struggle of immortality, old flames reappear and budding romances arise, all while the rift between the spirit world and ours collides.",2.398,,2022-12-31,Local Haunts,False,0,0
83,False,,[53],257094,en,"Holland, Michigan",A teacher starts an affair with her coworker and discovers her husband's dark secret life.,2.933,,2022-01-01,"Holland, Michigan",False,0,0
84,False,,[99],713725,en,Untitled George Carlin Documentary,A documentary about the legendary comedian,3.216,,2022-12-31,Untitled George Carlin Documentary,False,0,0
85,False,,[],718685,en,b,b follows a scientist who discovers dangers associated with a program he created to perfect human DNA and helps the artificially intelligent woman he designed (Erica) escape.,3.109,/eI2tcyS2V32XDCFB35xDbGu6BhE.jpg,2022-01-01,b,False,0,0
86,False,,[],769178,en,Cancelled,Plot unknown.,2.859,,2022-07-22,Cancelled,False,0,0
87,False,,[18],796515,en,Mahishasuramardini,"the film has been conceptualized as an apology letter to women from all sections of society, who have faced discrimination as well as have been victimized by both men and women in the patriarchal system.",2.627,/2lSCBBCSfoPX35AHsonqbZPFy9W.jpg,2022-01-06,Mahishasuramardini,False,0,0
88,False,,[],589287,hi,Inshallah,A man on a secret mission to weed out anti-national elements from within a family encounters many road blocks before success,1.841,,2022-12-30,Inshallah,False,0,0
89,False,,[27],744633,en,Henshin: First Act,A dying man survives a brutal attack and tells the story of how he and two friends kidnapped and tortured a young woman.,2.335,/zRrSVvrX2slcAs4PPReM7scCONa.jpg,2022-07-20,Henshin: First Act,False,0,0
90,False,,"[12, 16, 35, 10751]",587357,en,Miss Moxy,"Miss Moxy and her cat friends look down on everyone who is ""different"". One day she goes to France with her beloved human Joosje (8) and her parents. Landlady Rita wants desperately to win the Animal’s Got Talent show with her dog Tuur. She sees the musical Miss Moxy and when the family needs to go home, she kidnaps her. Miss Moxy escapes. On the way, she meets two unlikely travel companions: Ayo, an old swallow and Tuur. During their joint adventures Miss Moxy comes to realise that her old opinions are misguided and understands what true friendship means.",2.099,/62JxXWRqE0uJupjLrt5eYPjlf9e.jpg,2022-01-01,Miss Moxy,False,0,0
91,False,,[27],776232,en,Midnight In Hell,Two cemetery custodians attempt to escape their cemetery during the zombie apocalypse.,2.584,,2022-03-31,Midnight In Hell,False,0,0
92,False,,"[18, 9648]",713568,en,Obituary Love Morphine,A man and a woman exploring their organic life in exchange for their pseudo-existence in a world that never exists.,1.574,,2022-04-11,Obituary Love Morphine,False,0,0
93,False,,[],661855,nl,K3 Dromen Show,,1.751,/1h6ZtjSu6JNaKaM7x63hZMISYrs.jpg,2022-09-04,K3 Dromen Show,False,0,0
94,False,/yZfia37VeZqqoxzq5gKgkTKWbRc.jpg,"[36, 10752]",531228,tr,Kırk Göktürk,,0.84,/eju5tqNwAlC1LlsYpfafCVrTukc.jpg,2022-01-01,Kırk Göktürk,False,0,1
95,False,,"[878, 12]",527679,ru,Метро 2033,"An adaption of the book about the Moscow Metro, where the last survivors hide after a global nuclear holocaust.",1.027,/rs9S8FJFYl7AcSnXUOplL47fOB3.jpg,2022-01-01,Metro 2033,False,0,0
96,False,,"[27, 53]",632725,ar,الفيل الأزرق 3,A Third part of The Blue Elephant Saga.,1.507,,2022-01-01,The Blue Elephant: Part III,False,0,0
97,False,,[99],788323,en,"Adam Jensen: The Life, The Loss & The Grind","Take a journey through the eyes of 24-year-old aspiring professional skateboarder, Adam Jensen to see how skateboarding is the perfect tool in overcoming life’s most difficult obstacles. Those closest to Adam will make their comments about his life, and potential to achieve notoriety in his professional career through his trials and triumphs.",1.486,,2022-05-08,"Adam Jensen: The Life, The Loss & The Grind",False,0,0
98,False,,"[16, 18, 9648, 14]",802699,ja,とつくにの少女,"Once upon a time, in a far, faraway place, there were two lands. The world was divided into an inner land and an outer land. People feared the outer land, inhabited by eerie beings, the carriers of curse. One day, on the border to the inner land inhabited by humans, one such being finds a girl on heaps of abandoned dead bodies.The girl says her name is Shiva and shows affection to the ""being"" who found her, calling him ""Teacher."" This is a story of two people—one human, one inhuman—who linger in the hazy twilight that separates night from day.",1.492,/rxu2MgncYDe6CGSASAwIaC4SHbR.jpg,2022-03-10,The Girl from the Other Side,False,0,0
99,False,,[18],778793,es,Ni en la más oscura de mis tardes,,1.503,,2022-01-01,Ni en la más oscura de mis tardes,False,0,0
100,False,,[28],611359,hi,Untitled Luv Ranjan's Project,,1.488,,2022-03-18,Untitled Luv Ranjan's Project,False,0,0
101,False,,"[28, 12]",802185,en,Spider-Man 4 Fan Film,Spider-Man returns to face his greatest challenge yet as he faces off against The Vulture.,0.742,,2022-02-12,Spider-Man 4 Fan Film,False,0,0
102,False,,"[36, 18, 10752]",656908,hi,रामायण,Plot is Unknown.,1.693,,2022-11-25,Ramayana,False,0,0
103,False,/tojiT3qLHtHGUSOjNnKCbUTsTMn.jpg,[16],645992,no,Folk og Røvere i Kardemomme by,"Our second foray into the fantastic world of Torbjørn Egners stories, will take you to Cardamom Town, where you will meet Aunt Sophia, little Camomilla and Police Inspector Bastian, who never wants to arrest anyone. But on the outskirts of town live the three robbers Casper, Jasper and Jonathan. This will be a fun, energetic, music-laden and colorful animation film for all ages.",0.722,,2022-01-01,When the Robbers Came to Cardamom Town,False,0,0
104,False,,[18],633825,en,Love at Teenage,Love at Teenage is romantic Kannada drama film based on the teenage love story.,0.712,,2022-09-24,Love at Teenage,False,0,0
105,False,,[28],629040,ar,Sons of Rizk 3,,0.993,,2022-01-01,Sons of Rizk 3,False,0,0
106,False,,[],663295,cs,Název jsem zapomněl,,0.741,,2022-01-13,Název jsem zapomněl,False,0,0
107,False,,[],668480,cs,Sladký život,,0.986,,2022-01-27,Sladký život,False,0,0
108,False,,[16],784052,ru,The Maugly,,0.73,,2022-03-03,The Maugly,False,0,0
109,False,/l9jk6xKwbUi7VnwnKcv2rYCGH3t.jpg,"[12, 35, 10751]",754067,fr,Mystère,"Stéphane decides to move to the beautiful mountains of Cantal in order to reconnect with his 8-year-old daughter, Victoria, who has been silent since her mother's disappearance. During a walk in the forest, a shepherd gives Victoria a puppy named ""Mystery"" who will gradually give her a taste for life. But very quickly, Stéphane discovers that the animal is in reality a wolf… Despite the warnings and the danger of this situation, he cannot bring himself to separate his daughter from this seemingly harmless ball of hair.",1.492,/qUv7PJSRuazqHJ5yVvvX5NIdRgf.jpg,2021-12-15,Mystère,False,0,0
110,False,,[],782692,ru,Untitled Nickelodeon Movies Project (3),,0.628,,2022-10-21,Untitled Nickelodeon Movies Project (3),False,0,0
111,False,/3sSjcN43SPVCGZMSDTjrGoqsoSs.jpg,"[53, 35]",801718,en,The Fishnet Hypothesis,"Miranda, a mermaid obsessed internet personality known for her quirky makeup tutorials, has placed an ad for a production assistant. Todd, the first of many to respond, has been chosen for an interview. Miranda films the interview process under the premise that she’d like her audience to connect with the person she chooses as well. During the interview, things get stranger and stranger, and the day quickly unravels into something Todd could have never expected.",1.06,/slgafnhAVT82RtoNM5eWCfCY0gf.jpg,2021-02-05,The Fishnet Hypothesis,False,0,0
112,False,,"[99, 36]",224291,en,We Will See Tomorrow,"Preserving American Jazz and the efforts of Dr. Albert Vollmer for his life's work in honoring Jazz's Senior Citizenry through the founding of the Harlem Blues and Jazz Band. Founded in 1973 by trombonist Clyde Bernhardt and jazz aficionado Albert Vollmer, the Harlem Blues &amp; Jazz Band became the world's most authentic swing band. It stars veteran jazz and blues musicians (64 to 96 years old) whose roots reach back to the classic period of the 20's and 30's. These 'originals' actually did 'jump' at the Woodside and 'stomp' at the Savoy, with Duke Ellington, Cab Calloway, Count Basie, Lionel Hampton",1.216,,2022-01-01,We Will See Tomorrow,False,0,0
113,False,,[],614180,hi,Biwi No. 1,Official remake of film Biwi No 1 (1999).,1.179,,2022-12-31,Biwi No. 1,False,0,0
114,False,,[18],472221,ml,ആടുജീവിതം,Aadujeevitham about an abused migrant worker in Saudi Arabia this movie base on best seller Novel by the same name,0.925,/27Ie59CoKsLZR3to5E3Kb1FoFSq.jpg,2022-12-30,Aadujeevitham,False,0,0
115,False,,[18],788318,en,Worst Day,A man’s worst day has a silver lining.,1.195,,2022-03-17,Worst Day,False,0,0
116,False,,[53],784651,hi,फाइटर,Upcoming Indian movie...,0.673,,2022-09-30,Fighter,False,0,0
117,False,,"[18, 53]",682401,hi,एक विलेन रिटर्न्स,Sequal of Ek villain,0.696,/RV9znjinke0gMnCalGYmRrG637.jpg,2022-02-11,Ek Villain Returns,False,0,0
118,False,,[14],715029,pt,O Anacleto Disse Que Não,"Laura is a pregnant woman who craves beans. After taking a bite of an apple, Laura realizes that she has lost both hands. The trauma haunts Laura during her surreal journey.",0.6,/70BIVadd8hhsTAArR4YQOCteHNv.jpg,2022-01-01,Anacleto Said No,False,0,0
119,False,,[],765421,en,Passage,A film about love set in Turkey and Georgia.,0.6,,2022-12-31,Passage,False,0,0
120,False,/hOrHgILkp3NcuIEjozrCA4viEsL.jpg,"[18, 99, 14]",717901,es,Historia De Fantasmas,"Simon has been well know for the paranormal events he lived when he was a teenage.  While people in the town don't believe him, some other people do. And other people tries hardly to share the evidence suporting him, as other try to do the oposite; everyone is trying to answer the question of do you believe in ghosts?",1.4,/jJJJouiGuBdgZm8Ys57ay9Ewaff.jpg,2021-11-24,The Ghost Story,False,0,0
121,False,,[18],541129,ca,Personalien,"In an ambiance loaded with tension, intellectual doubts and creative frustration, Rainer Werner Fassbinder writes and teaches the staging of a theater piece about the 18th century Libertiage at a great theater in Berlín.",1.4,/n0Yfahxv6GVjIh7dUAOwoGnbAkL.jpg,2022-02-27,Personalien,False,0,0
122,False,,"[80, 28, 53]",770906,te,Salaar,Upcoming Pan India Movie directed by Prashant Neel starring Young Rebel Star Prabhas,0.657,/oBMEe5HN6cPIDEDnsuosEc5z4go.jpg,2022-04-14,Salaar,False,0,0
123,False,,[28],629103,ar,الشايب,,1.4,/g0QcnHnM3dcLAkrxEFveIK3V0pG.jpg,2022-01-01,The King,False,0,0
124,False,,[],768089,cs,Bratři,,0.884,,2022-10-27,Bratři,False,0,0
125,False,/hBDJ1qiZwmA7QJC3WdZePpYem48.jpg,"[35, 18]",756044,en,Egghead & Twinkie,"Egghead & Twinkie is a feature-length coming of age comedy about coming out of the closet. The film follows a teenage girl named Twinkie as she comes out to her parents and takes off on a cross country road trip to meet her mysterious online crush, BD. She even convinces her nerdy best friend, Egghead, to come along for the ride. The only problem? Egghead is in love with Twinkie, and BD might not be everything she seems to be on the internet. A feature film adaptation of the 2019 short.",0.666,/3GgA8xDAs65MHAtP1qnA3SNM19a.jpg,2022-01-01,Egghead & Twinkie,False,0,0
126,False,,[10402],641250,en,Untitled Universal Musical Event,Plot unknown.,0.6,,2022-03-11,Untitled Universal Musical Event,False,0,0
127,False,,[],685293,sa,Rasa Krida,"The second film in the RASA Trilogy, RASA KRIDA will offer the viewer a whole new world of sacred imagination. Unparalleled work in the history of contemporary devotional cinema, the film will depict in the most beautiful natural light Lord Krishna's playful essence. Presented in 2K, the film will become an offering to console the soul.",0.6,,2022-02-09,Rasa Krida,False,0,0
128,False,,"[10749, 35]",790525,it,Sempre più bello,,0.656,,2022-02-14,Sempre più bello,False,0,0
129,False,,"[53, 18]",766116,hi,Mayday,Upcoming film,1.145,,2022-04-29,Mayday,False,0,0
130,False,/euXNiOLYyfhGlLZpHfRycUry6gx.jpg,"[878, 14]",632995,en,The Primevals,"With The Primevals (David Allen's dream project) , David had brought together all the elements he wanted to explore in science fiction/fantasy filmmaking. In the mid-90s, Charles Band and Allen officially began production of THE PRIMEVALS. With lavish sets constructed in Romania and exotic locations like the Italian Alps, David Allen directed his pet project.  After the live action photography was completed, Allen and his crew began the exhaustive work on the intricate effects of lizard warriors, monsters, a Kong-like Yeti. Yet sadly David Allen died before all of the stop motion could be done shelving it for years. But full moon is working on finishing the stop motion and is planning a release in December of 2019 on there streaming service and three disc blu ray set.",0.903,/6Y96O3T4i2ZoCrKemYjxfnU63Iu.jpg,2022-03-01,The Primevals,False,0,0
131,False,,[27],641287,en,Untitled Blumhouse Productions Project (II),Plot unknown.,0.6,,2022-10-14,Untitled Blumhouse Productions Project (II),False,0,0
132,False,,"[27, 35]",806289,en,Life Sucks,Like Sucking,0.6,/wqT8758Q11rw97Ua3mi3sK2T4Ir.jpg,2022-10-20,Life Sucks,False,0,0
133,False,/rKEuTpWvBgix7lyHuf5AZvw3j9k.jpg,"[27, 35]",806262,en,Life Sucks,Like Sucking,0.6,/wqT8758Q11rw97Ua3mi3sK2T4Ir.jpg,2022-10-20,Life Sucks,False,0,0
134,False,,[],802662,en,Banks,A parody film that parodies the Rocky films.,0.6,,2022-07-04,Banks,False,0,0
135,False,,"[27, 35]",799177,hi,भेड़िया,Upcoming Hindi movie...,0.6,,2022-04-14,Bhediya,False,0,0
136,False,,"[14, 35]",798753,zh,超能一家人,,0.6,/337pMJRoaPAZ39ymrdIVZmgFtSg.jpg,2022-02-01,超能一家人,False,0,0
137,False,,[18],798193,en,Kaberi Antardhan,Upcoming Movie by Kaushik ganguly,0.631,,2022-07-13,Kaberi Antardhan,False,0,0
138,False,,[],797825,en,8848,The film is a biopic on Everest expedition and is inspired by Sunita Hazra's life.,0.6,,2022-01-01,8848,False,0,0
139,False,,"[27, 18, 53]",795602,en,Session,"Session is a film about a man named David, suffering from PTSD, Depression, and Dissociative Amnesia. When his therapist suggests a form of hypnotherapy to dig up what exactly is causing such stress in his life, his life and view of himself is changed forever.",0.6,/8a9Ha9Ypr5YjV75gOQ0P0Io0OCF.jpg,2022-09-16,Session,False,0,0
140,False,,[99],793160,cs,Jan Koller – Příběh obyčejného kluka,,0.6,/36oyJLCBs8rBsjsFWc89JlS5lzX.jpg,2022-02-03,Jan Koller – Příběh obyčejného kluka,False,0,0
141,False,,[],792220,hi,Vo Ladki,"Pathik, decides to move on from every memory of Devyani and goes to meet her one last time with a thought of returning the wrist watch.",0.6,,2022-02-14,That Girl,False,0,0
142,False,,[878],787189,en,GIRLIEN - DIMENSIONS GUARDIAN,Don't mess with her!,0.6,/khpHJdy9ydrz6KOiwbfjWTcLxXj.jpg,2022-08-19,GIRLIEN - DIMENSIONS GUARDIAN,False,0,0
143,False,,"[35, 18]",786705,pt,"Confissões de Uma Garota Excluída, Mal-Amada e (Um Pouco) Dramática","The story of Tetê, a young teenager who had to move from her apartment in Barra da Tijuca to her grandparents' house in Copacabana. In addition to losing privacy, Tetê lost her references and will start a new school.",0.621,,2022-12-15,"Confissões de Uma Garota Excluída, Mal-Amada e (Um Pouco) Dramática",False,0,0
144,False,,[],783830,ru,Untitled Miramax Film,,1.4,,2022-01-21,Untitled Miramax Film,False,0,0
145,False,,[],782685,ru,Untitled Nickelodeon Movies Project (2),,0.6,,2022-03-18,Untitled Nickelodeon Movies Project (2),False,0,0
146,False,,[],782242,ru,Untitled Nickelodeon Movies Project,,0.628,,2022-08-12,Untitled Nickelodeon Movies Project,False,0,0
147,False,,[],779229,sv,LasseMajas Detektivbyrå - Skorpionens gåta,,0.647,,2022-02-25,LasseMajas Detektivbyrå - Skorpionens gåta,False,0,0
148,False,,"[53, 80]",760147,pt,Silvio Santos: O Sequestro,"Just 12 hours after having his daughter in the custody of a kidnapper, the influential communicator Sílvio Santos (Rodrigo Faro) faces an even more complicated obstacle: his home is invaded and he is held hostage for seven hours. Realizing that his life is at risk, he seeks refuge in the distant thoughts of his entire trajectory, which began when he was just a 14 year old teenager working as a street vendor.",0.6,,2022-01-01,Silvio Santos: O Sequestro,False,0,0
149,False,,"[28, 53, 10749]",747767,en,Wicked Game,"An electrifying thrill-ride is unfolding with propulsive energy, unexpected twists and breathtaking action.",0.876,/qVJt9PtsruNdinnx5AgsB7AVdir.jpg,2022-09-22,Wicked Game,False,0,0
150,False,/kOFJaAct66DKkBoPLRuvtA6UH3z.jpg,[18],734253,te,Adipurush,Adipurush is a big-screen adaptation of an Indian epic that revolves around the triumph of good over evil.,0.628,/6cfJCoXl1eMGWOBu639ng3s0g8A.jpg,2022-08-11,Adipurush,False,0,0
151,False,,"[28, 16]",732408,zh,拳皇·觉醒,"Presenting the movie sequel to the CG Anime series - THE KING OF FIGHTERS: DESTINY. The story continues from where THE KING OF FIGHTERS: DESTINY left off! Many voice actors from the game series also reprise their roles! Experience the epic KOF storyline as never before with this new CG anime! Premiering in Beijing, China in Year 2022!",0.87,,2022-12-31,The King of Fighters: Awaken,False,0,0
152,False,,[],727340,ko,헌트,,0.87,/pLpVkdbTY8eRlWdrPL5CjZalwlI.jpg,2022-12-31,Hunt,False,0,0
153,False,/8e1iHXqwUhrckYOES2CeEV11x5E.jpg,"[12, 14]",725816,pt,De Volta ao Sítio do Picapau Amarelo,,1.12,/ym3rGiCx5MKhtNInhEZ11YWsTr9.jpg,2022-12-31,De Volta ao Sítio do Picapau Amarelo,False,0,0
154,False,,[35],715765,hi,बच्चन पांडे,"Remake of the 2014 film Veeram in which a kind-hearted villager takes down the enemies of his fiancee's father, to safeguard their family.",0.652,/5sZLR7yMLZdm4wBpef2fhjn4O78.jpg,2022-01-26,Bachchan Pandey,False,0,0
155,False,,[53],809194,en,Rohossomoy,upcoming thriller movie,0.6,,2022-01-21,Rohossomoy,False,0,0
